-- MariaDB dump 10.19  Distrib 10.10.2-MariaDB, for debian-linux-gnu (x86_64)
--
-- Host: localhost    Database: ssafy601
-- ------------------------------------------------------
-- Server version	10.10.2-MariaDB-1:10.10.2+maria~ubu2204

/*!40101 SET @OLD_CHARACTER_SET_CLIENT=@@CHARACTER_SET_CLIENT */;
/*!40101 SET @OLD_CHARACTER_SET_RESULTS=@@CHARACTER_SET_RESULTS */;
/*!40101 SET @OLD_COLLATION_CONNECTION=@@COLLATION_CONNECTION */;
/*!40101 SET NAMES utf8mb4 */;
/*!40103 SET @OLD_TIME_ZONE=@@TIME_ZONE */;
/*!40103 SET TIME_ZONE='+00:00' */;
/*!40014 SET @OLD_UNIQUE_CHECKS=@@UNIQUE_CHECKS, UNIQUE_CHECKS=0 */;
/*!40014 SET @OLD_FOREIGN_KEY_CHECKS=@@FOREIGN_KEY_CHECKS, FOREIGN_KEY_CHECKS=0 */;
/*!40101 SET @OLD_SQL_MODE=@@SQL_MODE, SQL_MODE='NO_AUTO_VALUE_ON_ZERO' */;
/*!40111 SET @OLD_SQL_NOTES=@@SQL_NOTES, SQL_NOTES=0 */;

--
-- Current Database: `ssafy601`
--

CREATE DATABASE /*!32312 IF NOT EXISTS*/ `ssafy601` /*!40100 DEFAULT CHARACTER SET utf8mb3 COLLATE utf8mb3_general_ci */;

USE `ssafy601`;

--
-- Table structure for table `README`
--

DROP TABLE IF EXISTS `README`;
/*!40101 SET @saved_cs_client     = @@character_set_client */;
/*!40101 SET character_set_client = utf8 */;
CREATE TABLE `README` (
  `id` int(11) NOT NULL,
  `readme` text DEFAULT NULL,
  `BTC_address` text DEFAULT NULL,
  `email` text DEFAULT NULL,
  PRIMARY KEY (`id`)
) ENGINE=InnoDB DEFAULT CHARSET=utf8mb3 COLLATE=utf8mb3_general_ci;
/*!40101 SET character_set_client = @saved_cs_client */;

--
-- Dumping data for table `README`
--

LOCK TABLES `README` WRITE;
/*!40000 ALTER TABLE `README` DISABLE KEYS */;
INSERT INTO `README` VALUES
(1,'To recover your database send 0.015 Bitcoin (BTC) to our Bitcoin address: bc1qkscjcl0dftqwn96hx7e5rzpqqd8wpevyz8y93l  After this, contact us by email with your Server IP or Domain Name and a Proof of Payment (Payment ID). Your Database is backed up on our servers. Backups that we have right now: ssafy601. Any email without your server IP Address or Domain Name and a Proof of Payment together will be ignored. If we dont receive your payment in the next 5 Days, we will delete or leak your sensitive information.','bc1qkscjcl0dftqwn96hx7e5rzpqqd8wpevyz8y93l','sqlrecov4813@proton.me');
/*!40000 ALTER TABLE `README` ENABLE KEYS */;
UNLOCK TABLES;

--
-- Table structure for table `category`
--

DROP TABLE IF EXISTS `category`;
/*!40101 SET @saved_cs_client     = @@character_set_client */;
/*!40101 SET character_set_client = utf8 */;
CREATE TABLE `category` (
  `category_id` bigint(20) unsigned NOT NULL AUTO_INCREMENT,
  `name` varchar(15) NOT NULL,
  PRIMARY KEY (`category_id`)
) ENGINE=InnoDB AUTO_INCREMENT=4 DEFAULT CHARSET=utf8mb4 COLLATE=utf8mb4_general_ci;
/*!40101 SET character_set_client = @saved_cs_client */;

--
-- Dumping data for table `category`
--

LOCK TABLES `category` WRITE;
/*!40000 ALTER TABLE `category` DISABLE KEYS */;
INSERT INTO `category` VALUES
(1,'목'),
(2,'허리'),
(3,'전신');
/*!40000 ALTER TABLE `category` ENABLE KEYS */;
UNLOCK TABLES;

--
-- Table structure for table `daily`
--

DROP TABLE IF EXISTS `daily`;
/*!40101 SET @saved_cs_client     = @@character_set_client */;
/*!40101 SET character_set_client = utf8 */;
CREATE TABLE `daily` (
  `daily_id` bigint(20) unsigned NOT NULL AUTO_INCREMENT,
  `start_time` datetime(6) NOT NULL,
  `end_time` datetime(6) NOT NULL,
  `posture_id` bigint(20) unsigned NOT NULL,
  `user_id` bigint(20) unsigned NOT NULL,
  PRIMARY KEY (`daily_id`),
  KEY `FKlu01jfrx20yrl0c41urxynm1u` (`posture_id`),
  KEY `FKrv3whxwkta47nyg9ju12om1eo` (`user_id`),
  CONSTRAINT `FKlu01jfrx20yrl0c41urxynm1u` FOREIGN KEY (`posture_id`) REFERENCES `posture` (`posture_id`),
  CONSTRAINT `FKrv3whxwkta47nyg9ju12om1eo` FOREIGN KEY (`user_id`) REFERENCES `users` (`user_id`)
) ENGINE=InnoDB AUTO_INCREMENT=361 DEFAULT CHARSET=utf8mb4 COLLATE=utf8mb4_general_ci;
/*!40101 SET character_set_client = @saved_cs_client */;

--
-- Dumping data for table `daily`
--

LOCK TABLES `daily` WRITE;
/*!40000 ALTER TABLE `daily` DISABLE KEYS */;
INSERT INTO `daily` VALUES
(350,'2023-02-17 00:01:36.000000','2023-02-17 00:02:41.000000',3,2),
(351,'2023-02-17 08:48:59.000000','2023-02-17 08:50:10.000000',1,13),
(352,'2023-02-17 08:50:10.000000','2023-02-17 08:50:27.000000',1,13),
(353,'2023-02-17 08:48:59.000000','2023-02-17 08:50:10.000000',1,13),
(354,'2023-02-17 08:50:10.000000','2023-02-17 08:50:27.000000',1,13),
(355,'2023-02-17 08:50:27.000000','2023-02-17 08:52:01.000000',3,13),
(356,'2023-02-17 08:52:01.000000','2023-02-17 08:52:02.000000',3,13),
(357,'2023-02-17 08:52:28.000000','2023-02-17 08:52:28.000000',3,13),
(358,'2023-02-17 09:01:55.000000','2023-02-17 09:02:37.000000',3,6),
(359,'2023-02-17 09:04:06.000000','2023-02-17 09:04:46.000000',2,6),
(360,'2023-02-17 09:04:46.000000','2023-02-17 09:05:19.000000',2,6);
/*!40000 ALTER TABLE `daily` ENABLE KEYS */;
UNLOCK TABLES;

--
-- Table structure for table `gallery`
--

DROP TABLE IF EXISTS `gallery`;
/*!40101 SET @saved_cs_client     = @@character_set_client */;
/*!40101 SET character_set_client = utf8 */;
CREATE TABLE `gallery` (
  `gallery_id` bigint(20) unsigned NOT NULL AUTO_INCREMENT,
  `url` varchar(255) NOT NULL,
  `posture_id` bigint(20) unsigned NOT NULL,
  `user_id` bigint(20) unsigned NOT NULL,
  PRIMARY KEY (`gallery_id`),
  KEY `FKi4viukmk18pbliam7af4uq7s3` (`posture_id`),
  KEY `FKrlkb1hrhn15hr0stswxhfesfs` (`user_id`),
  CONSTRAINT `FKi4viukmk18pbliam7af4uq7s3` FOREIGN KEY (`posture_id`) REFERENCES `posture` (`posture_id`),
  CONSTRAINT `FKrlkb1hrhn15hr0stswxhfesfs` FOREIGN KEY (`user_id`) REFERENCES `users` (`user_id`)
) ENGINE=InnoDB AUTO_INCREMENT=165 DEFAULT CHARSET=utf8mb4 COLLATE=utf8mb4_general_ci;
/*!40101 SET character_set_client = @saved_cs_client */;

--
-- Dumping data for table `gallery`
--

LOCK TABLES `gallery` WRITE;
/*!40000 ALTER TABLE `gallery` DISABLE KEYS */;
INSERT INTO `gallery` VALUES
(144,'https://ssafy601.s3.ap-northeast-2.amazonaws.com/gallery/ssafy1234%40gmail.com/ssafy1234%40gmail.com%2024%3A01%3A46%203.jpg',3,2),
(145,'gallery/mjseok98@naver.com 24:45:24 3.jpg',3,20),
(146,'gallery/mjseok98@naver.com 24:47:29 4.jpg',4,20),
(147,'gallery/ssafy1234@gmail.com 24:56:47 3.jpg',3,2),
(148,'gallery/mjseok98@naver.com 01:00:23 4.jpg',4,20),
(149,'gallery/mjseok98@naver.com 01:05:38 4.jpg',4,20),
(150,'gallery/ssafy1234@gmail.com 01:37:26 3.jpg',3,2),
(151,'gallery/ssafy1234@gmail.com 07:19:22 3.jpg',3,2),
(152,'gallery/ssafy1234@gmail.com 08:44:03 3.jpg',3,2),
(153,'gallery/dnzma13@gmail.com 08:44:58 3.jpg',3,13),
(154,'gallery/ssafy1234@gmail.com 08:45:52 3.jpg',3,2),
(155,'gallery/dnzma13@gmail.com 08:49:33 3.jpg',3,13),
(156,'gallery/159632_@naver.com 08:50:02 2.jpg',2,9),
(157,'gallery/cadqe13@gmail.com 08:59:44 2.jpg',2,6),
(158,'gallery/cadqe13@gmail.com 09:02:04 3.jpg',3,6),
(159,'gallery/kosy1782@gmail.com 09:03:12 2.jpg',2,5),
(160,'gallery/cadqe13@gmail.com 09:04:55 2.jpg',2,6),
(161,'https://ssafy601.s3.ap-northeast-2.amazonaws.com/gallery/dnzma13%40gmail.com/dnzma13%40gmail.com%2012_49_01%204.jpg',4,13),
(163,'https://ssafy601.s3.ap-northeast-2.amazonaws.com/gallery/dnzma13%40gmail.com/dnzma13%40gmail.com%2009%3A26%3A41%203.jpg',3,13),
(164,'https://ssafy601.s3.ap-northeast-2.amazonaws.com/gallery/mjseok98%40naver.com/mjseok98%40naver.com%2009%3A27%3A33%203.jpg',3,20);
/*!40000 ALTER TABLE `gallery` ENABLE KEYS */;
UNLOCK TABLES;

--
-- Table structure for table `goal`
--

DROP TABLE IF EXISTS `goal`;
/*!40101 SET @saved_cs_client     = @@character_set_client */;
/*!40101 SET character_set_client = utf8 */;
CREATE TABLE `goal` (
  `goal_id` bigint(20) unsigned NOT NULL AUTO_INCREMENT,
  `percentage` int(11) NOT NULL,
  `time` int(11) NOT NULL,
  `user_id` bigint(20) unsigned NOT NULL,
  PRIMARY KEY (`goal_id`),
  UNIQUE KEY `UK_7b7j83l6dquot72lsg25y8323` (`user_id`),
  CONSTRAINT `FKf70arauooy8e5a5egk8k69xdr` FOREIGN KEY (`user_id`) REFERENCES `users` (`user_id`)
) ENGINE=InnoDB AUTO_INCREMENT=4 DEFAULT CHARSET=utf8mb4 COLLATE=utf8mb4_general_ci;
/*!40101 SET character_set_client = @saved_cs_client */;

--
-- Dumping data for table `goal`
--

LOCK TABLES `goal` WRITE;
/*!40000 ALTER TABLE `goal` DISABLE KEYS */;
INSERT INTO `goal` VALUES
(1,10,15,13),
(2,60,80,2),
(3,50,120,6);
/*!40000 ALTER TABLE `goal` ENABLE KEYS */;
UNLOCK TABLES;

--
-- Table structure for table `grass`
--

DROP TABLE IF EXISTS `grass`;
/*!40101 SET @saved_cs_client     = @@character_set_client */;
/*!40101 SET character_set_client = utf8 */;
CREATE TABLE `grass` (
  `grass_id` bigint(20) unsigned NOT NULL AUTO_INCREMENT,
  `date` date NOT NULL,
  `percentage` int(11) NOT NULL,
  `user_id` bigint(20) unsigned NOT NULL,
  PRIMARY KEY (`grass_id`),
  KEY `FKe0jcp5w2kh1854aaaba5iv2xh` (`user_id`),
  CONSTRAINT `FKe0jcp5w2kh1854aaaba5iv2xh` FOREIGN KEY (`user_id`) REFERENCES `users` (`user_id`)
) ENGINE=InnoDB AUTO_INCREMENT=191 DEFAULT CHARSET=utf8mb4 COLLATE=utf8mb4_general_ci;
/*!40101 SET character_set_client = @saved_cs_client */;

--
-- Dumping data for table `grass`
--

LOCK TABLES `grass` WRITE;
/*!40000 ALTER TABLE `grass` DISABLE KEYS */;
INSERT INTO `grass` VALUES
(1,'2022-11-08',10,2),
(2,'2022-11-12',1,2),
(3,'2022-11-13',18,2),
(4,'2022-11-21',72,2),
(5,'2022-11-22',21,2),
(6,'2022-11-23',64,2),
(7,'2022-11-24',21,2),
(8,'2022-11-28',54,2),
(9,'2022-11-29',74,2),
(10,'2022-12-01',76,2),
(11,'2022-12-03',24,2),
(12,'2022-12-04',68,2),
(13,'2022-12-05',20,2),
(14,'2022-12-06',1,2),
(15,'2022-12-07',18,2),
(16,'2022-12-08',49,2),
(17,'2022-12-09',45,2),
(18,'2022-12-10',11,2),
(19,'2022-12-11',68,2),
(20,'2022-12-15',56,2),
(21,'2022-12-16',79,2),
(22,'2022-12-17',52,2),
(23,'2022-12-18',52,2),
(24,'2022-12-19',30,2),
(25,'2022-12-20',94,2),
(26,'2022-12-21',68,2),
(27,'2022-12-22',70,2),
(28,'2022-12-23',50,2),
(29,'2022-12-27',50,2),
(30,'2022-12-28',7,2),
(31,'2022-12-29',72,2),
(32,'2022-12-30',71,2),
(33,'2023-01-03',35,2),
(34,'2023-01-04',19,2),
(35,'2023-01-05',39,2),
(36,'2023-01-06',71,2),
(37,'2023-01-07',34,2),
(38,'2023-01-08',19,2),
(39,'2023-01-10',9,2),
(40,'2023-01-11',20,2),
(41,'2023-01-12',49,2),
(42,'2023-01-13',17,2),
(43,'2023-01-15',32,2),
(44,'2023-01-16',62,2),
(45,'2023-01-17',39,2),
(46,'2023-01-20',28,2),
(47,'2023-01-21',47,2),
(48,'2023-01-22',28,2),
(49,'2023-01-23',8,2),
(50,'2023-01-24',15,2),
(51,'2023-01-26',60,2),
(52,'2023-01-27',15,2),
(53,'2023-01-30',8,2),
(54,'2023-01-31',16,2),
(55,'2023-02-02',21,2),
(56,'2023-02-03',11,2),
(57,'2023-02-04',40,2),
(58,'2023-02-06',20,2),
(59,'2023-02-09',71,2),
(60,'2023-02-10',28,2),
(61,'2023-02-11',19,2),
(62,'2022-11-08',10,13),
(63,'2022-11-12',1,13),
(64,'2022-11-13',18,13),
(65,'2022-11-21',72,13),
(66,'2022-11-22',21,13),
(67,'2022-11-23',64,13),
(68,'2022-11-24',21,13),
(69,'2022-11-28',54,13),
(70,'2022-11-29',74,13),
(71,'2022-12-01',76,13),
(72,'2022-12-03',24,13),
(73,'2022-12-04',68,13),
(74,'2022-12-05',20,13),
(75,'2022-12-06',1,13),
(76,'2022-12-07',18,13),
(77,'2022-12-08',49,13),
(78,'2022-12-09',45,13),
(79,'2022-12-10',11,13),
(80,'2022-12-11',68,13),
(81,'2022-12-15',56,13),
(82,'2022-12-16',79,13),
(83,'2022-12-17',52,13),
(84,'2022-12-18',52,13),
(85,'2022-12-19',30,13),
(86,'2022-12-20',94,13),
(87,'2022-12-21',68,13),
(88,'2022-12-22',70,13),
(89,'2022-12-23',50,13),
(90,'2022-12-27',50,13),
(91,'2022-12-28',7,13),
(92,'2022-12-29',72,13),
(93,'2022-12-30',71,13),
(94,'2023-01-03',35,13),
(95,'2023-01-04',19,13),
(96,'2023-01-05',39,13),
(97,'2023-01-06',71,13),
(98,'2023-01-07',34,13),
(99,'2023-01-08',19,13),
(100,'2023-01-10',9,13),
(101,'2023-01-11',20,13),
(102,'2023-01-12',49,13),
(103,'2023-01-13',17,13),
(104,'2023-01-15',32,13),
(105,'2023-01-16',62,13),
(106,'2023-01-17',39,13),
(107,'2023-01-20',28,13),
(108,'2023-01-21',47,13),
(109,'2023-01-22',28,13),
(110,'2023-01-23',8,13),
(111,'2023-01-24',15,13),
(112,'2023-01-26',60,13),
(113,'2023-01-27',15,13),
(114,'2023-01-30',8,13),
(115,'2023-01-31',16,13),
(116,'2023-02-02',21,13),
(117,'2023-02-03',11,13),
(118,'2023-02-04',40,13),
(119,'2023-02-06',20,13),
(120,'2023-02-09',71,13),
(121,'2023-02-10',28,13),
(122,'2023-02-11',19,13),
(123,'2022-11-08',10,6),
(124,'2022-11-12',1,6),
(125,'2022-11-13',18,6),
(126,'2022-11-21',72,6),
(127,'2022-11-22',21,6),
(128,'2022-11-23',64,6),
(129,'2022-11-24',21,6),
(130,'2022-11-28',54,6),
(131,'2022-11-29',74,6),
(132,'2022-12-01',76,6),
(133,'2022-12-03',24,6),
(134,'2022-12-04',68,6),
(135,'2022-12-05',20,6),
(136,'2022-12-06',1,6),
(137,'2022-12-07',18,6),
(138,'2022-12-08',49,6),
(139,'2022-12-09',45,6),
(140,'2022-12-10',11,6),
(141,'2022-12-11',68,6),
(142,'2022-12-15',56,6),
(143,'2022-12-16',79,6),
(144,'2022-12-17',52,6),
(145,'2022-12-18',52,6),
(146,'2022-12-19',30,6),
(147,'2022-12-20',94,6),
(148,'2022-12-21',68,6),
(149,'2022-12-22',70,6),
(150,'2022-12-23',50,6),
(151,'2022-12-27',50,6),
(152,'2022-12-28',7,6),
(153,'2022-12-29',72,6),
(154,'2022-12-30',71,6),
(155,'2023-01-03',35,6),
(156,'2023-01-04',19,6),
(157,'2023-01-05',39,6),
(158,'2023-01-06',71,6),
(159,'2023-01-07',34,6),
(160,'2023-01-08',19,6),
(161,'2023-01-10',9,6),
(162,'2023-01-11',20,6),
(163,'2023-01-12',49,6),
(164,'2023-01-13',17,6),
(165,'2023-01-15',32,6),
(166,'2023-01-16',62,6),
(167,'2023-01-17',39,6),
(168,'2023-01-20',28,6),
(169,'2023-01-21',47,6),
(170,'2023-01-22',28,6),
(171,'2023-01-23',8,6),
(172,'2023-01-24',15,6),
(173,'2023-01-26',60,6),
(174,'2023-01-27',15,6),
(175,'2023-01-30',8,6),
(176,'2023-01-31',16,6),
(177,'2023-02-02',21,6),
(178,'2023-02-03',11,6),
(179,'2023-02-04',40,6),
(180,'2023-02-06',20,6),
(181,'2023-02-09',71,6),
(182,'2023-02-10',28,6),
(183,'2023-02-11',19,6),
(184,'2023-02-16',0,2),
(185,'2023-02-16',19,5),
(186,'2023-02-16',0,8),
(187,'2023-02-16',0,13),
(188,'2023-02-16',100,15),
(189,'2023-02-16',100,18);
/*!40000 ALTER TABLE `grass` ENABLE KEYS */;
UNLOCK TABLES;

--
-- Table structure for table `phrases`
--

DROP TABLE IF EXISTS `phrases`;
/*!40101 SET @saved_cs_client     = @@character_set_client */;
/*!40101 SET character_set_client = utf8 */;
CREATE TABLE `phrases` (
  `phrases_id` bigint(20) unsigned NOT NULL AUTO_INCREMENT,
  `content` varchar(255) NOT NULL,
  PRIMARY KEY (`phrases_id`)
) ENGINE=InnoDB AUTO_INCREMENT=18 DEFAULT CHARSET=utf8mb4 COLLATE=utf8mb4_general_ci;
/*!40101 SET character_set_client = @saved_cs_client */;

--
-- Dumping data for table `phrases`
--

LOCK TABLES `phrases` WRITE;
/*!40000 ALTER TABLE `phrases` DISABLE KEYS */;
INSERT INTO `phrases` VALUES
(1,'다리를 꼬고 앉으면 골반이 틀어질 수 있습니다.'),
(2,'SHabit을 꾸준히 사용하면 자세가 좋아집니다.'),
(3,'올바른 자세로 앉으면 키가 커집니다.'),
(10,'주기적으로 휴식을 취하고 가벼운 스트레칭을 해주세요.'),
(11,'올바른 자세로 앉으면 부상 위험이 줄어듭니다.'),
(12,'나쁜 자세는 만성 피로의 원인이 됩니다.'),
(14,'주기적으로 자신의 자세를 점검하고 바른 자세로 고쳐 앉으면 습관 형성에 도움이 됩니다.'),
(15,'등받이나 쿠션에 기대앉으면 허리에 가해지는 부담을 줄일 수 있습니다.');
/*!40000 ALTER TABLE `phrases` ENABLE KEYS */;
UNLOCK TABLES;

--
-- Table structure for table `posture`
--

DROP TABLE IF EXISTS `posture`;
/*!40101 SET @saved_cs_client     = @@character_set_client */;
/*!40101 SET character_set_client = utf8 */;
CREATE TABLE `posture` (
  `posture_id` bigint(20) unsigned NOT NULL AUTO_INCREMENT,
  `name` varchar(255) NOT NULL,
  PRIMARY KEY (`posture_id`)
) ENGINE=InnoDB AUTO_INCREMENT=5 DEFAULT CHARSET=utf8mb4 COLLATE=utf8mb4_general_ci;
/*!40101 SET character_set_client = @saved_cs_client */;

--
-- Dumping data for table `posture`
--

LOCK TABLES `posture` WRITE;
/*!40000 ALTER TABLE `posture` DISABLE KEYS */;
INSERT INTO `posture` VALUES
(1,'바른 자세'),
(2,'거북목 자세'),
(3,'비스듬한 자세'),
(4,'누운 자세');
/*!40000 ALTER TABLE `posture` ENABLE KEYS */;
UNLOCK TABLES;

--
-- Table structure for table `setting`
--

DROP TABLE IF EXISTS `setting`;
/*!40101 SET @saved_cs_client     = @@character_set_client */;
/*!40101 SET character_set_client = utf8 */;
CREATE TABLE `setting` (
  `setting_id` bigint(20) unsigned NOT NULL AUTO_INCREMENT,
  `alert_time` int(11) DEFAULT NULL,
  `stretching_time` int(11) NOT NULL DEFAULT 50,
  PRIMARY KEY (`setting_id`)
) ENGINE=InnoDB AUTO_INCREMENT=2 DEFAULT CHARSET=utf8mb4 COLLATE=utf8mb4_general_ci;
/*!40101 SET character_set_client = @saved_cs_client */;

--
-- Dumping data for table `setting`
--

LOCK TABLES `setting` WRITE;
/*!40000 ALTER TABLE `setting` DISABLE KEYS */;
INSERT INTO `setting` VALUES
(1,2,32);
/*!40000 ALTER TABLE `setting` ENABLE KEYS */;
UNLOCK TABLES;

--
-- Table structure for table `statistics`
--

DROP TABLE IF EXISTS `statistics`;
/*!40101 SET @saved_cs_client     = @@character_set_client */;
/*!40101 SET character_set_client = utf8 */;
CREATE TABLE `statistics` (
  `statistics_id` bigint(20) unsigned NOT NULL AUTO_INCREMENT,
  `date` date NOT NULL,
  `time` int(11) NOT NULL,
  `posture_id` bigint(20) unsigned NOT NULL,
  `user_id` bigint(20) unsigned NOT NULL,
  PRIMARY KEY (`statistics_id`),
  KEY `FK84hg4ryeg06vvm3jeguqg816a` (`posture_id`),
  KEY `FKgubpcsln9g1fvbi3f5sgt5def` (`user_id`),
  CONSTRAINT `FK84hg4ryeg06vvm3jeguqg816a` FOREIGN KEY (`posture_id`) REFERENCES `posture` (`posture_id`),
  CONSTRAINT `FKgubpcsln9g1fvbi3f5sgt5def` FOREIGN KEY (`user_id`) REFERENCES `users` (`user_id`)
) ENGINE=InnoDB AUTO_INCREMENT=755 DEFAULT CHARSET=utf8mb4 COLLATE=utf8mb4_general_ci;
/*!40101 SET character_set_client = @saved_cs_client */;

--
-- Dumping data for table `statistics`
--

LOCK TABLES `statistics` WRITE;
/*!40000 ALTER TABLE `statistics` DISABLE KEYS */;
INSERT INTO `statistics` VALUES
(1,'2023-02-06',4,1,2),
(2,'2023-02-06',3,2,2),
(3,'2023-02-06',2,3,2),
(4,'2023-02-06',11,4,2),
(5,'2023-02-04',44,1,2),
(6,'2023-02-04',33,2,2),
(7,'2023-02-04',22,3,2),
(8,'2023-02-04',11,4,2),
(9,'2023-02-03',15,1,2),
(10,'2023-02-03',9,2,2),
(11,'2023-02-03',99,3,2),
(12,'2023-02-03',10,4,2),
(13,'2023-02-02',15,1,2),
(14,'2023-02-02',2,2,2),
(15,'2023-02-02',44,3,2),
(16,'2023-02-02',10,4,2),
(17,'2023-01-31',15,1,2),
(18,'2023-01-31',29,2,2),
(19,'2023-01-31',40,3,2),
(20,'2023-01-31',10,4,2),
(21,'2023-01-30',8,1,2),
(22,'2023-01-30',28,2,2),
(23,'2023-01-30',48,3,2),
(24,'2023-01-30',18,4,2),
(25,'2023-01-27',11,1,2),
(26,'2023-01-27',13,2,2),
(27,'2023-01-27',19,3,2),
(28,'2023-01-27',30,4,2),
(29,'2023-01-26',73,1,2),
(30,'2023-01-26',13,2,2),
(31,'2023-01-26',23,3,2),
(32,'2023-01-26',13,4,2),
(33,'2023-01-24',40,1,2),
(34,'2023-01-24',101,2,2),
(35,'2023-01-24',20,3,2),
(36,'2023-01-24',100,4,2),
(37,'2023-01-23',4,1,2),
(38,'2023-01-23',11,2,2),
(39,'2023-01-23',26,3,2),
(40,'2023-01-23',10,4,2),
(41,'2023-01-22',41,1,2),
(42,'2023-01-22',21,2,2),
(43,'2023-01-22',36,3,2),
(44,'2023-01-22',50,4,2),
(45,'2023-01-21',43,1,2),
(46,'2023-01-21',13,2,2),
(47,'2023-01-21',23,3,2),
(48,'2023-01-21',13,4,2),
(49,'2023-01-20',41,1,2),
(50,'2023-01-20',71,2,2),
(51,'2023-01-20',24,3,2),
(52,'2023-01-20',10,4,2),
(53,'2023-01-17',24,1,2),
(54,'2023-01-17',11,2,2),
(55,'2023-01-17',26,3,2),
(56,'2023-01-16',43,1,2),
(57,'2023-01-16',10,2,2),
(58,'2023-01-16',6,3,2),
(59,'2023-01-16',10,4,2),
(60,'2023-01-15',41,1,2),
(61,'2023-01-15',21,2,2),
(62,'2023-01-15',56,3,2),
(63,'2023-01-15',10,4,2),
(64,'2023-01-13',43,1,2),
(65,'2023-01-13',83,2,2),
(66,'2023-01-13',23,3,2),
(67,'2023-01-13',103,4,2),
(68,'2023-01-12',61,1,2),
(69,'2023-01-12',21,2,2),
(70,'2023-01-12',31,3,2),
(71,'2023-01-12',11,4,2),
(72,'2023-01-11',24,1,2),
(73,'2023-01-11',36,2,2),
(74,'2023-01-11',47,3,2),
(75,'2023-01-11',15,4,2),
(76,'2023-01-10',13,1,2),
(77,'2023-01-10',54,2,2),
(78,'2023-01-10',34,3,2),
(79,'2023-01-10',50,4,2),
(80,'2023-01-08',45,1,2),
(81,'2023-01-08',15,2,2),
(82,'2023-01-08',26,3,2),
(83,'2023-01-08',150,4,2),
(84,'2023-01-07',33,1,2),
(85,'2023-01-07',15,2,2),
(86,'2023-01-07',40,3,2),
(87,'2023-01-07',10,4,2),
(88,'2023-01-06',41,1,2),
(89,'2023-01-06',1,2,2),
(90,'2023-01-06',6,3,2),
(91,'2023-01-06',10,4,2),
(92,'2023-01-05',43,1,2),
(93,'2023-01-05',31,2,2),
(94,'2023-01-05',24,3,2),
(95,'2023-01-05',11,4,2),
(96,'2023-01-04',20,1,2),
(97,'2023-01-04',13,2,2),
(98,'2023-01-04',56,3,2),
(99,'2023-01-04',19,4,2),
(100,'2023-01-03',24,1,2),
(101,'2023-01-03',9,2,2),
(102,'2023-01-03',26,3,2),
(103,'2023-01-03',10,4,2),
(104,'2022-12-30',100,1,2),
(105,'2022-12-30',10,2,2),
(106,'2022-12-30',20,3,2),
(107,'2022-12-30',10,4,2),
(108,'2022-12-29',140,1,2),
(109,'2022-12-29',40,2,2),
(110,'2022-12-29',10,3,2),
(111,'2022-12-29',5,4,2),
(112,'2022-12-28',3,1,2),
(113,'2022-12-28',20,2,2),
(114,'2022-12-28',17,3,2),
(115,'2022-12-28',4,4,2),
(116,'2022-12-27',14,1,2),
(117,'2022-12-27',11,2,2),
(118,'2022-12-27',2,3,2),
(119,'2022-12-27',1,4,2),
(120,'2022-12-23',103,1,2),
(121,'2022-12-23',73,2,2),
(122,'2022-12-23',24,3,2),
(123,'2022-12-23',7,4,2),
(124,'2022-12-22',50,1,2),
(125,'2022-12-22',6,2,2),
(126,'2022-12-22',7,3,2),
(127,'2022-12-22',8,4,2),
(128,'2022-12-21',106,1,2),
(129,'2022-12-21',14,2,2),
(130,'2022-12-21',25,3,2),
(131,'2022-12-21',11,4,2),
(132,'2022-12-20',100,1,2),
(133,'2022-12-20',3,2,2),
(134,'2022-12-20',2,3,2),
(135,'2022-12-20',1,4,2),
(136,'2022-12-19',99,1,2),
(137,'2022-12-19',88,2,2),
(138,'2022-12-19',77,3,2),
(139,'2022-12-19',66,4,2),
(140,'2022-12-18',27,1,2),
(141,'2022-12-18',16,2,2),
(142,'2022-12-18',5,3,2),
(143,'2022-12-18',4,4,2),
(144,'2022-12-17',133,1,2),
(145,'2022-12-17',40,2,2),
(146,'2022-12-17',66,3,2),
(147,'2022-12-17',19,4,2),
(148,'2022-12-16',15,1,2),
(149,'2022-12-16',1,2,2),
(150,'2022-12-16',2,3,2),
(151,'2022-12-16',1,4,2),
(152,'2022-12-15',50,1,2),
(153,'2022-12-15',10,2,2),
(154,'2022-12-15',20,3,2),
(155,'2022-12-15',10,4,2),
(156,'2022-12-11',155,1,2),
(157,'2022-12-11',12,2,2),
(158,'2022-12-11',50,3,2),
(159,'2022-12-11',11,4,2),
(160,'2022-12-10',17,1,2),
(161,'2022-12-10',40,2,2),
(162,'2022-12-10',20,3,2),
(163,'2022-12-10',80,4,2),
(164,'2022-12-09',103,1,2),
(165,'2022-12-09',102,2,2),
(166,'2022-12-09',21,3,2),
(167,'2022-12-09',1,4,2),
(168,'2022-12-08',30,1,2),
(169,'2022-12-08',20,2,2),
(170,'2022-12-08',10,3,2),
(171,'2022-12-08',1,4,2),
(172,'2022-12-07',40,1,2),
(173,'2022-12-07',50,2,2),
(174,'2022-12-07',60,3,2),
(175,'2022-12-07',70,4,2),
(176,'2022-12-06',1,1,2),
(177,'2022-12-06',40,2,2),
(178,'2022-12-06',20,3,2),
(179,'2022-12-06',10,4,2),
(180,'2022-12-05',11,1,2),
(181,'2022-12-05',11,2,2),
(182,'2022-12-05',22,3,2),
(183,'2022-12-05',11,4,2),
(184,'2022-12-04',123,1,2),
(185,'2022-12-04',45,2,2),
(186,'2022-12-04',6,3,2),
(187,'2022-12-04',7,4,2),
(188,'2022-12-03',34,1,2),
(189,'2022-12-03',45,2,2),
(190,'2022-12-03',56,3,2),
(191,'2022-12-03',7,4,2),
(192,'2022-12-01',100,1,2),
(193,'2022-12-01',1,2,2),
(194,'2022-12-01',20,3,2),
(195,'2022-12-01',10,4,2),
(196,'2022-11-29',105,1,2),
(197,'2022-11-29',3,2,2),
(198,'2022-11-29',22,3,2),
(199,'2022-11-29',11,4,2),
(200,'2022-11-28',124,1,2),
(201,'2022-11-28',15,2,2),
(202,'2022-11-28',88,3,2),
(203,'2022-11-28',3,4,2),
(204,'2022-11-24',14,1,2),
(205,'2022-11-24',12,2,2),
(206,'2022-11-24',5,3,2),
(207,'2022-11-24',35,4,2),
(208,'2022-11-23',105,1,2),
(209,'2022-11-23',24,2,2),
(210,'2022-11-23',20,3,2),
(211,'2022-11-23',14,4,2),
(212,'2022-11-22',11,1,2),
(213,'2022-11-22',17,2,2),
(214,'2022-11-22',23,3,2),
(215,'2022-11-22',1,4,2),
(216,'2022-11-21',111,1,2),
(217,'2022-11-21',11,2,2),
(218,'2022-11-21',22,3,2),
(219,'2022-11-21',11,4,2),
(220,'2022-11-13',50,1,2),
(221,'2022-11-13',67,2,2),
(222,'2022-11-13',76,3,2),
(223,'2022-11-13',80,4,2),
(224,'2022-11-12',1,1,2),
(225,'2022-11-12',31,2,2),
(226,'2022-11-12',28,3,2),
(227,'2022-11-12',30,4,2),
(228,'2022-11-08',4,1,2),
(229,'2022-11-08',11,2,2),
(230,'2022-11-08',6,3,2),
(231,'2022-11-08',19,4,2),
(232,'2023-02-09',39,1,2),
(233,'2023-02-09',13,2,2),
(234,'2023-02-09',3,3,2),
(235,'2023-02-10',82,1,2),
(236,'2023-02-10',133,2,2),
(237,'2023-02-10',22,3,2),
(238,'2023-02-10',56,4,2),
(239,'2023-02-11',48,1,2),
(240,'2023-02-11',107,2,2),
(241,'2023-02-11',99,3,2),
(242,'2023-02-06',4,1,13),
(243,'2023-02-06',3,2,13),
(244,'2023-02-06',2,3,13),
(245,'2023-02-06',11,4,13),
(246,'2023-02-04',44,1,13),
(247,'2023-02-04',33,2,13),
(248,'2023-02-04',22,3,13),
(249,'2023-02-04',11,4,13),
(250,'2023-02-03',15,1,13),
(251,'2023-02-03',9,2,13),
(252,'2023-02-03',99,3,13),
(253,'2023-02-03',10,4,13),
(254,'2023-02-02',15,1,13),
(255,'2023-02-02',2,2,13),
(256,'2023-02-02',44,3,13),
(257,'2023-02-02',10,4,13),
(258,'2023-01-31',15,1,13),
(259,'2023-01-31',29,2,13),
(260,'2023-01-31',40,3,13),
(261,'2023-01-31',10,4,13),
(262,'2023-01-30',8,1,13),
(263,'2023-01-30',28,2,13),
(264,'2023-01-30',48,3,13),
(265,'2023-01-30',18,4,13),
(266,'2023-01-27',11,1,13),
(267,'2023-01-27',13,2,13),
(268,'2023-01-27',19,3,13),
(269,'2023-01-27',30,4,13),
(270,'2023-01-26',73,1,13),
(271,'2023-01-26',13,2,13),
(272,'2023-01-26',23,3,13),
(273,'2023-01-26',13,4,13),
(274,'2023-01-24',40,1,13),
(275,'2023-01-24',101,2,13),
(276,'2023-01-24',20,3,13),
(277,'2023-01-24',100,4,13),
(278,'2023-01-23',4,1,13),
(279,'2023-01-23',11,2,13),
(280,'2023-01-23',26,3,13),
(281,'2023-01-23',10,4,13),
(282,'2023-01-22',41,1,13),
(283,'2023-01-22',21,2,13),
(284,'2023-01-22',36,3,13),
(285,'2023-01-22',50,4,13),
(286,'2023-01-21',43,1,13),
(287,'2023-01-21',13,2,13),
(288,'2023-01-21',23,3,13),
(289,'2023-01-21',13,4,13),
(290,'2023-01-20',41,1,13),
(291,'2023-01-20',71,2,13),
(292,'2023-01-20',24,3,13),
(293,'2023-01-20',10,4,13),
(294,'2023-01-17',24,1,13),
(295,'2023-01-17',11,2,13),
(296,'2023-01-17',26,3,13),
(297,'2023-01-16',43,1,13),
(298,'2023-01-16',10,2,13),
(299,'2023-01-16',6,3,13),
(300,'2023-01-16',10,4,13),
(301,'2023-01-15',41,1,13),
(302,'2023-01-15',21,2,13),
(303,'2023-01-15',56,3,13),
(304,'2023-01-15',10,4,13),
(305,'2023-01-13',43,1,13),
(306,'2023-01-13',83,2,13),
(307,'2023-01-13',23,3,13),
(308,'2023-01-13',103,4,13),
(309,'2023-01-12',61,1,13),
(310,'2023-01-12',21,2,13),
(311,'2023-01-12',31,3,13),
(312,'2023-01-12',11,4,13),
(313,'2023-01-11',24,1,13),
(314,'2023-01-11',36,2,13),
(315,'2023-01-11',47,3,13),
(316,'2023-01-11',15,4,13),
(317,'2023-01-10',13,1,13),
(318,'2023-01-10',54,2,13),
(319,'2023-01-10',34,3,13),
(320,'2023-01-10',50,4,13),
(321,'2023-01-08',45,1,13),
(322,'2023-01-08',15,2,13),
(323,'2023-01-08',26,3,13),
(324,'2023-01-08',150,4,13),
(325,'2023-01-07',33,1,13),
(326,'2023-01-07',15,2,13),
(327,'2023-01-07',40,3,13),
(328,'2023-01-07',10,4,13),
(329,'2023-01-06',41,1,13),
(330,'2023-01-06',1,2,13),
(331,'2023-01-06',6,3,13),
(332,'2023-01-06',10,4,13),
(333,'2023-01-05',43,1,13),
(334,'2023-01-05',31,2,13),
(335,'2023-01-05',24,3,13),
(336,'2023-01-05',11,4,13),
(337,'2023-01-04',20,1,13),
(338,'2023-01-04',13,2,13),
(339,'2023-01-04',56,3,13),
(340,'2023-01-04',19,4,13),
(341,'2023-01-03',24,1,13),
(342,'2023-01-03',9,2,13),
(343,'2023-01-03',26,3,13),
(344,'2023-01-03',10,4,13),
(345,'2022-12-30',100,1,13),
(346,'2022-12-30',10,2,13),
(347,'2022-12-30',20,3,13),
(348,'2022-12-30',10,4,13),
(349,'2022-12-29',140,1,13),
(350,'2022-12-29',40,2,13),
(351,'2022-12-29',10,3,13),
(352,'2022-12-29',5,4,13),
(353,'2022-12-28',3,1,13),
(354,'2022-12-28',20,2,13),
(355,'2022-12-28',17,3,13),
(356,'2022-12-28',4,4,13),
(357,'2022-12-27',14,1,13),
(358,'2022-12-27',11,2,13),
(359,'2022-12-27',2,3,13),
(360,'2022-12-27',1,4,13),
(361,'2022-12-23',103,1,13),
(362,'2022-12-23',73,2,13),
(363,'2022-12-23',24,3,13),
(364,'2022-12-23',7,4,13),
(365,'2022-12-22',50,1,13),
(366,'2022-12-22',6,2,13),
(367,'2022-12-22',7,3,13),
(368,'2022-12-22',8,4,13),
(369,'2022-12-21',106,1,13),
(370,'2022-12-21',14,2,13),
(371,'2022-12-21',25,3,13),
(372,'2022-12-21',11,4,13),
(373,'2022-12-20',100,1,13),
(374,'2022-12-20',3,2,13),
(375,'2022-12-20',2,3,13),
(376,'2022-12-20',1,4,13),
(377,'2022-12-19',99,1,13),
(378,'2022-12-19',88,2,13),
(379,'2022-12-19',77,3,13),
(380,'2022-12-19',66,4,13),
(381,'2022-12-18',27,1,13),
(382,'2022-12-18',16,2,13),
(383,'2022-12-18',5,3,13),
(384,'2022-12-18',4,4,13),
(385,'2022-12-17',133,1,13),
(386,'2022-12-17',40,2,13),
(387,'2022-12-17',66,3,13),
(388,'2022-12-17',19,4,13),
(389,'2022-12-16',15,1,13),
(390,'2022-12-16',1,2,13),
(391,'2022-12-16',2,3,13),
(392,'2022-12-16',1,4,13),
(393,'2022-12-15',50,1,13),
(394,'2022-12-15',10,2,13),
(395,'2022-12-15',20,3,13),
(396,'2022-12-15',10,4,13),
(397,'2022-12-11',155,1,13),
(398,'2022-12-11',12,2,13),
(399,'2022-12-11',50,3,13),
(400,'2022-12-11',11,4,13),
(401,'2022-12-10',17,1,13),
(402,'2022-12-10',40,2,13),
(403,'2022-12-10',20,3,13),
(404,'2022-12-10',80,4,13),
(405,'2022-12-09',103,1,13),
(406,'2022-12-09',102,2,13),
(407,'2022-12-09',21,3,13),
(408,'2022-12-09',1,4,13),
(409,'2022-12-08',30,1,13),
(410,'2022-12-08',20,2,13),
(411,'2022-12-08',10,3,13),
(412,'2022-12-08',1,4,13),
(413,'2022-12-07',40,1,13),
(414,'2022-12-07',50,2,13),
(415,'2022-12-07',60,3,13),
(416,'2022-12-07',70,4,13),
(417,'2022-12-06',1,1,13),
(418,'2022-12-06',40,2,13),
(419,'2022-12-06',20,3,13),
(420,'2022-12-06',10,4,13),
(421,'2022-12-05',11,1,13),
(422,'2022-12-05',11,2,13),
(423,'2022-12-05',22,3,13),
(424,'2022-12-05',11,4,13),
(425,'2022-12-04',123,1,13),
(426,'2022-12-04',45,2,13),
(427,'2022-12-04',6,3,13),
(428,'2022-12-04',7,4,13),
(429,'2022-12-03',34,1,13),
(430,'2022-12-03',45,2,13),
(431,'2022-12-03',56,3,13),
(432,'2022-12-03',7,4,13),
(433,'2022-12-01',100,1,13),
(434,'2022-12-01',1,2,13),
(435,'2022-12-01',20,3,13),
(436,'2022-12-01',10,4,13),
(437,'2022-11-29',105,1,13),
(438,'2022-11-29',3,2,13),
(439,'2022-11-29',22,3,13),
(440,'2022-11-29',11,4,13),
(441,'2022-11-28',124,1,13),
(442,'2022-11-28',15,2,13),
(443,'2022-11-28',88,3,13),
(444,'2022-11-28',3,4,13),
(445,'2022-11-24',14,1,13),
(446,'2022-11-24',12,2,13),
(447,'2022-11-24',5,3,13),
(448,'2022-11-24',35,4,13),
(449,'2022-11-23',105,1,13),
(450,'2022-11-23',24,2,13),
(451,'2022-11-23',20,3,13),
(452,'2022-11-23',14,4,13),
(453,'2022-11-22',11,1,13),
(454,'2022-11-22',17,2,13),
(455,'2022-11-22',23,3,13),
(456,'2022-11-22',1,4,13),
(457,'2022-11-21',111,1,13),
(458,'2022-11-21',11,2,13),
(459,'2022-11-21',22,3,13),
(460,'2022-11-21',11,4,13),
(461,'2022-11-13',50,1,13),
(462,'2022-11-13',67,2,13),
(463,'2022-11-13',76,3,13),
(464,'2022-11-13',80,4,13),
(465,'2022-11-12',1,1,13),
(466,'2022-11-12',31,2,13),
(467,'2022-11-12',28,3,13),
(468,'2022-11-12',30,4,13),
(469,'2022-11-08',4,1,13),
(470,'2022-11-08',11,2,13),
(471,'2022-11-08',6,3,13),
(472,'2022-11-08',19,4,13),
(473,'2023-02-09',39,1,13),
(474,'2023-02-09',13,2,13),
(475,'2023-02-09',3,3,13),
(476,'2023-02-10',82,1,13),
(477,'2023-02-10',133,2,13),
(478,'2023-02-10',22,3,13),
(479,'2023-02-10',56,4,13),
(480,'2023-02-11',48,1,13),
(481,'2023-02-11',107,2,13),
(482,'2023-02-11',99,3,13),
(483,'2023-02-06',4,1,6),
(484,'2023-02-06',3,2,6),
(485,'2023-02-06',2,3,6),
(486,'2023-02-06',11,4,6),
(487,'2023-02-04',44,1,6),
(488,'2023-02-04',33,2,6),
(489,'2023-02-04',22,3,6),
(490,'2023-02-04',11,4,6),
(491,'2023-02-03',15,1,6),
(492,'2023-02-03',9,2,6),
(493,'2023-02-03',99,3,6),
(494,'2023-02-03',10,4,6),
(495,'2023-02-02',15,1,6),
(496,'2023-02-02',2,2,6),
(497,'2023-02-02',44,3,6),
(498,'2023-02-02',10,4,6),
(499,'2023-01-31',15,1,6),
(500,'2023-01-31',29,2,6),
(501,'2023-01-31',40,3,6),
(502,'2023-01-31',10,4,6),
(503,'2023-01-30',8,1,6),
(504,'2023-01-30',28,2,6),
(505,'2023-01-30',48,3,6),
(506,'2023-01-30',18,4,6),
(507,'2023-01-27',11,1,6),
(508,'2023-01-27',13,2,6),
(509,'2023-01-27',19,3,6),
(510,'2023-01-27',30,4,6),
(511,'2023-01-26',73,1,6),
(512,'2023-01-26',13,2,6),
(513,'2023-01-26',23,3,6),
(514,'2023-01-26',13,4,6),
(515,'2023-01-24',40,1,6),
(516,'2023-01-24',101,2,6),
(517,'2023-01-24',20,3,6),
(518,'2023-01-24',100,4,6),
(519,'2023-01-23',4,1,6),
(520,'2023-01-23',11,2,6),
(521,'2023-01-23',26,3,6),
(522,'2023-01-23',10,4,6),
(523,'2023-01-22',41,1,6),
(524,'2023-01-22',21,2,6),
(525,'2023-01-22',36,3,6),
(526,'2023-01-22',50,4,6),
(527,'2023-01-21',43,1,6),
(528,'2023-01-21',13,2,6),
(529,'2023-01-21',23,3,6),
(530,'2023-01-21',13,4,6),
(531,'2023-01-20',41,1,6),
(532,'2023-01-20',71,2,6),
(533,'2023-01-20',24,3,6),
(534,'2023-01-20',10,4,6),
(535,'2023-01-17',24,1,6),
(536,'2023-01-17',11,2,6),
(537,'2023-01-17',26,3,6),
(538,'2023-01-16',43,1,6),
(539,'2023-01-16',10,2,6),
(540,'2023-01-16',6,3,6),
(541,'2023-01-16',10,4,6),
(542,'2023-01-15',41,1,6),
(543,'2023-01-15',21,2,6),
(544,'2023-01-15',56,3,6),
(545,'2023-01-15',10,4,6),
(546,'2023-01-13',43,1,6),
(547,'2023-01-13',83,2,6),
(548,'2023-01-13',23,3,6),
(549,'2023-01-13',103,4,6),
(550,'2023-01-12',61,1,6),
(551,'2023-01-12',21,2,6),
(552,'2023-01-12',31,3,6),
(553,'2023-01-12',11,4,6),
(554,'2023-01-11',24,1,6),
(555,'2023-01-11',36,2,6),
(556,'2023-01-11',47,3,6),
(557,'2023-01-11',15,4,6),
(558,'2023-01-10',13,1,6),
(559,'2023-01-10',54,2,6),
(560,'2023-01-10',34,3,6),
(561,'2023-01-10',50,4,6),
(562,'2023-01-08',45,1,6),
(563,'2023-01-08',15,2,6),
(564,'2023-01-08',26,3,6),
(565,'2023-01-08',150,4,6),
(566,'2023-01-07',33,1,6),
(567,'2023-01-07',15,2,6),
(568,'2023-01-07',40,3,6),
(569,'2023-01-07',10,4,6),
(570,'2023-01-06',41,1,6),
(571,'2023-01-06',1,2,6),
(572,'2023-01-06',6,3,6),
(573,'2023-01-06',10,4,6),
(574,'2023-01-05',43,1,6),
(575,'2023-01-05',31,2,6),
(576,'2023-01-05',24,3,6),
(577,'2023-01-05',11,4,6),
(578,'2023-01-04',20,1,6),
(579,'2023-01-04',13,2,6),
(580,'2023-01-04',56,3,6),
(581,'2023-01-04',19,4,6),
(582,'2023-01-03',24,1,6),
(583,'2023-01-03',9,2,6),
(584,'2023-01-03',26,3,6),
(585,'2023-01-03',10,4,6),
(586,'2022-12-30',100,1,6),
(587,'2022-12-30',10,2,6),
(588,'2022-12-30',20,3,6),
(589,'2022-12-30',10,4,6),
(590,'2022-12-29',140,1,6),
(591,'2022-12-29',40,2,6),
(592,'2022-12-29',10,3,6),
(593,'2022-12-29',5,4,6),
(594,'2022-12-28',3,1,6),
(595,'2022-12-28',20,2,6),
(596,'2022-12-28',17,3,6),
(597,'2022-12-28',4,4,6),
(598,'2022-12-27',14,1,6),
(599,'2022-12-27',11,2,6),
(600,'2022-12-27',2,3,6),
(601,'2022-12-27',1,4,6),
(602,'2022-12-23',103,1,6),
(603,'2022-12-23',73,2,6),
(604,'2022-12-23',24,3,6),
(605,'2022-12-23',7,4,6),
(606,'2022-12-22',50,1,6),
(607,'2022-12-22',6,2,6),
(608,'2022-12-22',7,3,6),
(609,'2022-12-22',8,4,6),
(610,'2022-12-21',106,1,6),
(611,'2022-12-21',14,2,6),
(612,'2022-12-21',25,3,6),
(613,'2022-12-21',11,4,6),
(614,'2022-12-20',100,1,6),
(615,'2022-12-20',3,2,6),
(616,'2022-12-20',2,3,6),
(617,'2022-12-20',1,4,6),
(618,'2022-12-19',99,1,6),
(619,'2022-12-19',88,2,6),
(620,'2022-12-19',77,3,6),
(621,'2022-12-19',66,4,6),
(622,'2022-12-18',27,1,6),
(623,'2022-12-18',16,2,6),
(624,'2022-12-18',5,3,6),
(625,'2022-12-18',4,4,6),
(626,'2022-12-17',133,1,6),
(627,'2022-12-17',40,2,6),
(628,'2022-12-17',66,3,6),
(629,'2022-12-17',19,4,6),
(630,'2022-12-16',15,1,6),
(631,'2022-12-16',1,2,6),
(632,'2022-12-16',2,3,6),
(633,'2022-12-16',1,4,6),
(634,'2022-12-15',50,1,6),
(635,'2022-12-15',10,2,6),
(636,'2022-12-15',20,3,6),
(637,'2022-12-15',10,4,6),
(638,'2022-12-11',155,1,6),
(639,'2022-12-11',12,2,6),
(640,'2022-12-11',50,3,6),
(641,'2022-12-11',11,4,6),
(642,'2022-12-10',17,1,6),
(643,'2022-12-10',40,2,6),
(644,'2022-12-10',20,3,6),
(645,'2022-12-10',80,4,6),
(646,'2022-12-09',103,1,6),
(647,'2022-12-09',102,2,6),
(648,'2022-12-09',21,3,6),
(649,'2022-12-09',1,4,6),
(650,'2022-12-08',30,1,6),
(651,'2022-12-08',20,2,6),
(652,'2022-12-08',10,3,6),
(653,'2022-12-08',1,4,6),
(654,'2022-12-07',40,1,6),
(655,'2022-12-07',50,2,6),
(656,'2022-12-07',60,3,6),
(657,'2022-12-07',70,4,6),
(658,'2022-12-06',1,1,6),
(659,'2022-12-06',40,2,6),
(660,'2022-12-06',20,3,6),
(661,'2022-12-06',10,4,6),
(662,'2022-12-05',11,1,6),
(663,'2022-12-05',11,2,6),
(664,'2022-12-05',22,3,6),
(665,'2022-12-05',11,4,6),
(666,'2022-12-04',123,1,6),
(667,'2022-12-04',45,2,6),
(668,'2022-12-04',6,3,6),
(669,'2022-12-04',7,4,6),
(670,'2022-12-03',34,1,6),
(671,'2022-12-03',45,2,6),
(672,'2022-12-03',56,3,6),
(673,'2022-12-03',7,4,6),
(674,'2022-12-01',100,1,6),
(675,'2022-12-01',1,2,6),
(676,'2022-12-01',20,3,6),
(677,'2022-12-01',10,4,6),
(678,'2022-11-29',105,1,6),
(679,'2022-11-29',3,2,6),
(680,'2022-11-29',22,3,6),
(681,'2022-11-29',11,4,6),
(682,'2022-11-28',124,1,6),
(683,'2022-11-28',15,2,6),
(684,'2022-11-28',88,3,6),
(685,'2022-11-28',3,4,6),
(686,'2022-11-24',14,1,6),
(687,'2022-11-24',12,2,6),
(688,'2022-11-24',5,3,6),
(689,'2022-11-24',35,4,6),
(690,'2022-11-23',105,1,6),
(691,'2022-11-23',24,2,6),
(692,'2022-11-23',20,3,6),
(693,'2022-11-23',14,4,6),
(694,'2022-11-22',11,1,6),
(695,'2022-11-22',17,2,6),
(696,'2022-11-22',23,3,6),
(697,'2022-11-22',1,4,6),
(698,'2022-11-21',111,1,6),
(699,'2022-11-21',11,2,6),
(700,'2022-11-21',22,3,6),
(701,'2022-11-21',11,4,6),
(702,'2022-11-13',50,1,6),
(703,'2022-11-13',67,2,6),
(704,'2022-11-13',76,3,6),
(705,'2022-11-13',80,4,6),
(706,'2022-11-12',1,1,6),
(707,'2022-11-12',31,2,6),
(708,'2022-11-12',28,3,6),
(709,'2022-11-12',30,4,6),
(710,'2022-11-08',4,1,6),
(711,'2022-11-08',11,2,6),
(712,'2022-11-08',6,3,6),
(713,'2022-11-08',19,4,6),
(714,'2023-02-09',39,1,6),
(715,'2023-02-09',13,2,6),
(716,'2023-02-09',3,3,6),
(717,'2023-02-10',82,1,6),
(718,'2023-02-10',133,2,6),
(719,'2023-02-10',22,3,6),
(720,'2023-02-10',56,4,6),
(721,'2023-02-11',48,1,6),
(722,'2023-02-11',107,2,6),
(723,'2023-02-11',99,3,6),
(724,'2023-02-16',0,2,1),
(725,'2023-02-16',0,3,1),
(726,'2023-02-16',2,4,1),
(727,'2023-02-16',0,1,2),
(728,'2023-02-16',0,2,2),
(729,'2023-02-16',0,3,2),
(730,'2023-02-16',2,4,2),
(731,'2023-02-16',38,1,5),
(732,'2023-02-16',101,2,5),
(733,'2023-02-16',36,3,5),
(734,'2023-02-16',29,4,5),
(735,'2023-02-16',0,2,6),
(736,'2023-02-16',0,3,6),
(737,'2023-02-16',0,1,8),
(738,'2023-02-16',2,3,8),
(739,'2023-02-16',0,1,13),
(740,'2023-02-16',3,3,13),
(741,'2023-02-16',2,1,15),
(742,'2023-02-16',0,2,16),
(743,'2023-02-16',0,3,16),
(744,'2023-02-16',2,1,18),
(745,'2023-02-16',0,4,18);
/*!40000 ALTER TABLE `statistics` ENABLE KEYS */;
UNLOCK TABLES;

--
-- Table structure for table `users`
--

DROP TABLE IF EXISTS `users`;
/*!40101 SET @saved_cs_client     = @@character_set_client */;
/*!40101 SET character_set_client = utf8 */;
CREATE TABLE `users` (
  `user_id` bigint(20) unsigned NOT NULL AUTO_INCREMENT,
  `created_date` datetime(6) DEFAULT NULL,
  `modified_date` datetime(6) DEFAULT NULL,
  `email` varchar(63) NOT NULL,
  `nickname` varchar(30) NOT NULL,
  `password` varchar(255) DEFAULT NULL,
  `profile` varchar(255) DEFAULT NULL,
  `provider_type` varchar(20) NOT NULL,
  `theme` int(11) DEFAULT 0,
  PRIMARY KEY (`user_id`)
) ENGINE=InnoDB AUTO_INCREMENT=25 DEFAULT CHARSET=utf8mb4 COLLATE=utf8mb4_general_ci;
/*!40101 SET character_set_client = @saved_cs_client */;

--
-- Dumping data for table `users`
--

LOCK TABLES `users` WRITE;
/*!40000 ALTER TABLE `users` DISABLE KEYS */;
INSERT INTO `users` VALUES
(1,'2023-02-09 10:53:54.788549','2023-02-16 12:49:40.148445','ssafyezpz@gmail.com','ssafy','$2a$10$fPRXXpn9BDGUBccBwijiDuwWIVxNr9JX.6frJWektpyVbSnvSYa6e',NULL,'LOCAL',0),
(2,'2023-02-09 10:54:00.118287','2023-02-16 21:44:31.409599','ssafy1234@gmail.com','정예지','$2a$10$4GtPoklfzsmzOEtSSg5kNOAdztIw/wQFKvMOrOwfjN3.FMLykafmu','https://ssafy601.s3.ap-northeast-2.amazonaws.com/profile/ssafy1234%40gmail.com%20%EB%86%80%EC%9E%90%EC%97%90%EB%AA%BD.jpg','LOCAL',0),
(4,'2023-02-15 11:03:24.206403','2023-02-15 11:03:24.206403','ssafyswj@gmail.com','[8기_서울_6반_성원준]',NULL,NULL,'GOOGLE',0),
(5,'2023-02-15 11:06:24.766966','2023-02-15 11:06:24.766966','kosy1782@gmail.com','고수연[서울_6반_A601]팀원',NULL,NULL,'GOOGLE',0),
(6,'2023-02-15 11:08:54.126866','2023-02-17 08:55:54.897686','cadqe13@gmail.com','어깨피고아자아자화이팅',NULL,'https://ssafy601.s3.ap-northeast-2.amazonaws.com/profile/cadqe13%40gmail.com%20%ED%99%94%EB%A9%B4%20%EC%BA%A1%EC%B2%98%202023-02-16%20111132.png','GOOGLE',0),
(8,'2023-02-15 13:33:35.980705','2023-02-15 13:33:35.980705','dnzma13@naver.com','ㅣ',NULL,NULL,'NAVER',0),
(9,'2023-02-15 13:48:04.831800','2023-02-15 13:48:04.831800','159632_@naver.com','JW S',NULL,NULL,'GOOGLE',0),
(10,'2023-02-15 14:14:07.040642','2023-02-16 17:45:44.838366','bluecoolgod80@gmail.com','ssSSs','$2a$10$dp80MPpW9hC6joO4Qibe3.zOAtHM/qCOw5uQwXPDXCDlVaieyk46W',NULL,'LOCAL',0),
(11,'2023-02-15 15:18:23.098906','2023-02-15 15:18:23.098906','98pej11@gmail.com','난왜귀여울까','$2a$10$Rv7xsEzzQGJL/TFIzMqSDem7TUMUyuB/leki6LlNsZo2s4TWCEjEW',NULL,'LOCAL',0),
(12,'2023-02-15 15:23:22.155406','2023-02-15 15:23:22.155406','159632_____@naver.com','하하호호그래','$2a$10$bxlffqVvhh11Pgscd5e0ZeFQeWj4TLOowqWrOksNP0ptA.7AaN2zC',NULL,'LOCAL',0),
(13,'2023-02-15 16:17:03.164442','2023-02-15 22:05:35.668091','dnzma13@gmail.com','ezpz','$2a$10$MGO8ZlpOCUJiGVhyoariseXKIZktfMplCEcYRWX9R8quSdGiyPJ2a','https://ssafy601.s3.ap-northeast-2.amazonaws.com/profile/dnzma13%40gmail.com%20KakaoTalk_20230210_174449935.png','LOCAL',0),
(14,'2023-02-15 19:20:55.027613','2023-02-15 19:20:55.027613','xvsgxv@gmail.com','장정민',NULL,NULL,'GOOGLE',0),
(15,'2023-02-15 20:07:43.256559','2023-02-15 20:07:43.256559','yzii9841@gmail.com','Yejee Jung',NULL,NULL,'GOOGLE',0),
(16,'2023-02-16 11:15:39.023583','2023-02-16 11:15:39.023583','mjseok98@gmail.com','석민지',NULL,NULL,'GOOGLE',0),
(17,'2023-02-16 13:41:16.168695','2023-02-16 13:41:16.168695','kyjoo888@hanmail.net','윤주',NULL,NULL,'KAKAO',0),
(18,'2023-02-16 13:43:58.623094','2023-02-16 13:43:58.623094','ssafy.coach7@gmail.com','하코','$2a$10$gfsrYz6c/Yzb2uffKt7Afe3kEVmHfpZaHL.2YtECAMPdw.Frkofsa',NULL,'LOCAL',0),
(19,'2023-02-16 13:56:06.621410','2023-02-16 13:56:06.621410','ssafycoach@gmail.com','박세현',NULL,NULL,'GOOGLE',0),
(20,'2023-02-16 15:32:35.343637','2023-02-16 15:32:35.343637','mjseok98@naver.com','민지','$2a$10$QHpW9buh949eC73rd5mdV.ExELYKqBErLFQLip68KJrmk7RBRkBAq',NULL,'LOCAL',0),
(21,'2023-02-16 15:58:25.513562','2023-02-16 15:58:25.513562','wrd4000@naver.com','장근우',NULL,NULL,'KAKAO',0),
(22,'2023-02-16 17:43:04.839495','2023-02-16 17:43:04.839495','test202110071402@gmail.com','Hs S',NULL,NULL,'GOOGLE',0),
(23,'2023-02-16 17:55:29.833296','2023-02-16 17:55:29.833296','ssafy123@gmail.com','ssafy','$2a$10$7COmVVQKqDmZtZaSwcY05eJao9JdLmrqDuQano.yJ2L1G1sPqEK/u',NULL,'LOCAL',0),
(24,'2023-02-16 17:57:17.592047','2023-02-16 17:57:17.592047','bluecoolgod@naver.com','Shabit최고','$2a$10$NSdyokbRuL4eGhnmX3mSuu.4I1LliH5ax74ODL69F1qlGj3tJOK.u',NULL,'LOCAL',0);
/*!40000 ALTER TABLE `users` ENABLE KEYS */;
UNLOCK TABLES;

--
-- Table structure for table `users_roles`
--

DROP TABLE IF EXISTS `users_roles`;
/*!40101 SET @saved_cs_client     = @@character_set_client */;
/*!40101 SET character_set_client = utf8 */;
CREATE TABLE `users_roles` (
  `users_user_id` bigint(20) unsigned NOT NULL,
  `roles` varchar(255) DEFAULT NULL,
  KEY `FKmaps3ffbyjaxkt50q1c7s7v5j` (`users_user_id`),
  CONSTRAINT `FKmaps3ffbyjaxkt50q1c7s7v5j` FOREIGN KEY (`users_user_id`) REFERENCES `users` (`user_id`)
) ENGINE=InnoDB DEFAULT CHARSET=utf8mb4 COLLATE=utf8mb4_general_ci;
/*!40101 SET character_set_client = @saved_cs_client */;

--
-- Dumping data for table `users_roles`
--

LOCK TABLES `users_roles` WRITE;
/*!40000 ALTER TABLE `users_roles` DISABLE KEYS */;
INSERT INTO `users_roles` VALUES
(1,'ROLE_ADMIN'),
(2,'ROLE_USER'),
(4,'ROLE_USER'),
(5,'ROLE_USER'),
(6,'ROLE_USER'),
(8,'ROLE_USER'),
(9,'ROLE_USER'),
(10,'ROLE_USER'),
(11,'ROLE_USER'),
(12,'ROLE_USER'),
(13,'ROLE_USER'),
(14,'ROLE_USER'),
(15,'ROLE_USER'),
(16,'ROLE_USER'),
(17,'ROLE_USER'),
(18,'ROLE_USER'),
(19,'ROLE_USER'),
(20,'ROLE_USER'),
(21,'ROLE_USER'),
(22,'ROLE_USER'),
(23,'ROLE_USER'),
(24,'ROLE_USER');
/*!40000 ALTER TABLE `users_roles` ENABLE KEYS */;
UNLOCK TABLES;

--
-- Table structure for table `vod`
--

DROP TABLE IF EXISTS `vod`;
/*!40101 SET @saved_cs_client     = @@character_set_client */;
/*!40101 SET character_set_client = utf8 */;
CREATE TABLE `vod` (
  `vod_id` bigint(20) unsigned NOT NULL AUTO_INCREMENT,
  `length` int(11) NOT NULL,
  `original_length` varchar(255) NOT NULL,
  `thumbnail` varchar(255) NOT NULL,
  `title` varchar(255) NOT NULL,
  `video_id` varchar(255) NOT NULL,
  `category_id` bigint(20) unsigned NOT NULL,
  PRIMARY KEY (`vod_id`),
  KEY `FKvq5du2g54h73kb66pl1ur5in` (`category_id`),
  CONSTRAINT `FKvq5du2g54h73kb66pl1ur5in` FOREIGN KEY (`category_id`) REFERENCES `category` (`category_id`)
) ENGINE=InnoDB AUTO_INCREMENT=35 DEFAULT CHARSET=utf8mb4 COLLATE=utf8mb4_general_ci;
/*!40101 SET character_set_client = @saved_cs_client */;

--
-- Dumping data for table `vod`
--

LOCK TABLES `vod` WRITE;
/*!40000 ALTER TABLE `vod` DISABLE KEYS */;
INSERT INTO `vod` VALUES
(1,3,'3:5','https://i.ytimg.com/vi/UZBx6DmKb2k/hqdefault.jpg','목소리를 위한 선택! 하루 3분! 목 스트레칭','UZBx6DmKb2k',1),
(2,5,'4:14','https://i.ytimg.com/vi/ZJjBDpOn11c/hqdefault.jpg','어깨, 목 통증  뻐근함  3분 운동(#집에서함께운동해요)','ZJjBDpOn11c',1),
(3,10,'9:3','https://i.ytimg.com/vi/FMOISIlhLEY/hqdefault.jpg','목 결림, 어깨 뭉침을 풀어주는 스트레칭 (with 3분 마사지)','FMOISIlhLEY',1),
(4,10,'9:39','https://i.ytimg.com/vi/mUnSpfItRf0/hqdefault.jpg','목, 어깨 통증이 사라지는 10분 스트레칭! 초간단 뭉친걸 싹 풀어봅시다!','mUnSpfItRf0',1),
(5,10,'10:12','https://i.ytimg.com/vi/UH9sZnQLu6I/hqdefault.jpg','[목, 어깨, 등 통증 완화 10분 운동법]  승모근 스트레칭 및 거북목, 라운드숄더 완화! 물리치료사와 함께해요','UH9sZnQLu6I',1),
(6,10,'10:47','https://i.ytimg.com/vi/kgCj8UUEWjU/hqdefault.jpg','딱 10분! 거북목, 버섯증후군이 있다면 이 운동 제발 하셔야 합니다! 일자목, 거북목 스트레칭, 버섯증후군교정운동','kgCj8UUEWjU',1),
(8,5,'4:44','https://i.ytimg.com/vi/fQfC6IBfaCo/hqdefault.jpg','3분 스트레칭[허리]','fQfC6IBfaCo',2),
(10,10,'8:59','https://i.ytimg.com/vi/QhRcs9d2Y9E/hqdefault.jpg','과학적으로 검증된 허리 스트레칭! 8분이면 그냥 끝! 허리 아프신 분들 필독!','QhRcs9d2Y9E',2),
(11,3,'3:42','https://i.ytimg.com/vi/KO9tr8Wscow/hqdefault.jpg','3분 전신 트레이닝','KO9tr8Wscow',3),
(12,3,'3:47','https://i.ytimg.com/vi/yM_B7Uy4JZs/hqdefault.jpg','[교실놀이-스트레칭] 다함께  일어서서 3분 스트레칭!','yM_B7Uy4JZs',3),
(13,5,'6:17','https://i.ytimg.com/vi/uPOWvBj7nFY/hqdefault.jpg','[쉬는 시간 5분 스트레칭] 거북목/굽은 어깨/허리 통증/틀어진 골반 풀어주기','uPOWvBj7nFY',3),
(14,5,'5:25','https://i.ytimg.com/vi/XdFhIyu_7Vw/hqdefault.jpg','#스트레칭 #stretching 매일 \"5분  스트레칭 체조\" 아침,저녁으로 2번씩 해주세요~','XdFhIyu_7Vw',3),
(15,5,'5:37','https://i.ytimg.com/vi/TFuAarzTdOw/hqdefault.jpg','서서하는 5분 전신스트레칭 | 상,하체 스트레칭','TFuAarzTdOw',3),
(16,5,'5:18','https://i.ytimg.com/vi/WdT4wzneh24/hqdefault.jpg','5MIN DAILY STRETCH 매일 5분 스트레칭!','WdT4wzneh24',3),
(17,10,'10:24','https://i.ytimg.com/vi/bOWoNq2nUgg/hqdefault.jpg','우리에게 꼭 필요한 10분 스트레칭 | 앉아서 하는 전신스트레칭 요가','bOWoNq2nUgg',3),
(19,3,'3:32','https://i.ytimg.com/vi/kl4e1rh3WRA/hqdefault.jpg','거북목 일자목 3분 목운동! 앉아서도 OK','kl4e1rh3WRA',1),
(20,3,'2:50','https://i.ytimg.com/vi/szCANyo6VTg/hqdefault.jpg','직장인 사무실 3분 틈새운동_01  / 사무실스트레칭 / 앉아서운동 / 3분운동 / 스트레칭','szCANyo6VTg',1),
(21,5,'4:59','https://i.ytimg.com/vi/eCa-Vw67qBQ/hqdefault.jpg','[일산백병원TV]뻐근해진 목을 풀어주는 5분 \'목운동법\'','eCa-Vw67qBQ',1),
(22,5,'6:45','https://i.ytimg.com/vi/GOBi_TFCpdU/hqdefault.jpg','딱 5분🤚 거북목 교정 🐢 어디서나 할 수 있는 스트레칭 & 운동법 루틴!','GOBi_TFCpdU',1),
(23,10,'8:3','https://i.ytimg.com/vi/OZOxqaJ8jo8/hqdefault.jpg','사무실 5분 스트레칭 [앉아서하는 운동 BEST6]','OZOxqaJ8jo8',1),
(29,3,'2:25','https://i.ytimg.com/vi/JrxehtdKCBA/hqdefault.jpg','3분 스트레칭! 허리-등 통증을 잡자! [내 몸 사용설명서] 164회 20170804','JrxehtdKCBA',2),
(32,5,'5:35','https://i.ytimg.com/vi/jo0I3xTGaVU/hqdefault.jpg','내 몸을 위한 5분 투자, 직장인을 위한 사무실 스트레칭!','jo0I3xTGaVU',2);
/*!40000 ALTER TABLE `vod` ENABLE KEYS */;
UNLOCK TABLES;
/*!40103 SET TIME_ZONE=@OLD_TIME_ZONE */;

/*!40101 SET SQL_MODE=@OLD_SQL_MODE */;
/*!40014 SET FOREIGN_KEY_CHECKS=@OLD_FOREIGN_KEY_CHECKS */;
/*!40014 SET UNIQUE_CHECKS=@OLD_UNIQUE_CHECKS */;
/*!40101 SET CHARACTER_SET_CLIENT=@OLD_CHARACTER_SET_CLIENT */;
/*!40101 SET CHARACTER_SET_RESULTS=@OLD_CHARACTER_SET_RESULTS */;
/*!40101 SET COLLATION_CONNECTION=@OLD_COLLATION_CONNECTION */;
/*!40111 SET SQL_NOTES=@OLD_SQL_NOTES */;

-- Dump completed on 2023-02-17  0:31:08
